name,team,pos,owar,dwar,war,pa,wrcplus,bbpct,kpct,iso,sb,cs,gdp
김도영,HT,3B,7.9,0.83,8.73,570,182.3,14.6,17.2,0.338,11,1,8
오스틴,LG,1B,8.85,-0.2,8.65,623,197.9,13.0,14.8,0.314,5,2,8
최원준,KT,CF,6.64,0.48,7.12,659,149.0,11.1,13.1,0.13,27,12,3
박성한,SK,SS,7.04,-0.23,6.81,612,139.3,14.5,13.2,0.089,5,2,2
힐리어드,KT,LF,6.1,0.44,6.54,623,143.1,9.8,27.6,0.276,10,3,4
구자욱,SS,LF,6.1,-0.49,5.61,497,176.3,13.3,14.3,0.21,6,2,4
박민우,NC,2B,5.09,0.3,5.39,553,131.9,11.4,12.5,0.115,50,12,13
김주원,NC,SS,4.4,0.86,5.26,578,110.7,8.5,13.7,0.148,30,9,6
페라자,HH,RF,4.83,0.41,5.25,555,141.3,16.0,18.7,0.205,10,5,9
디아즈,SS,1B,3.43,1.04,4.47,615,132.1,11.7,15.8,0.206,2,0,12
레이예스,LT,RF,4.87,-0.42,4.45,612,139.7,7.7,10.5,0.164,1,1,12
나성범,HT,RF,3.99,0.19,4.18,558,142.9,9.9,27.6,0.24,0,0,12
노시환,HH,3B,3.89,0.22,4.11,562,122.1,8.9,26.0,0.219,3,4,17
박찬호,OB,SS,3.49,0.48,3.97,599,99.3,9.0,12.9,0.085,33,8,12
안현민,KT,RF,4.21,-0.39,3.82,403,161.7,15.4,21.8,0.216,5,1,9
박해민,LG,CF,2.66,1.13,3.79,573,109.5,8.9,11.7,0.081,41,17,6
허인서,HH,C,3.37,0.37,3.75,455,111.1,7.7,27.9,0.191,0,1,5
박준순,OB,SS,3.31,0.2,3.51,413,130.5,6.1,19.9,0.195,3,2,17
서건창,WO,2B,3.05,0.4,3.44,450,130.0,10.4,10.9,0.083,3,3,8
류지혁,SS,2B,3.26,0.1,3.36,523,105.0,10.3,14.1,0.103,29,6,12
송찬의,LG,RF,3.19,0.12,3.31,417,136.8,7.4,23.3,0.224,2,0,11
양의지,OB,C,3.23,-0.12,3.11,530,117.4,10.8,11.1,0.196,2,0,15
김민석,OB,CF,2.85,0.2,3.06,511,123.9,10.8,16.2,0.096,3,0,5
정준재,SK,2B,2.36,0.63,2.99,549,89.0,9.8,14.8,0.066,19,8,4
한준수,HT,C,2.94,0.03,2.97,372,131.4,14.0,15.6,0.145,0,1,12
김지찬,SS,CF,3.47,-0.56,2.91,519,111.7,11.4,8.3,0.045,22,4,3
최정,SK,3B,2.84,-0.02,2.83,305,158.8,12.1,21.6,0.31,3,1,7
전민재,LT,SS,1.8,0.97,2.77,499,79.7,6.6,19.8,0.099,13,4,9
김휘집,NC,SS,2.37,0.32,2.69,338,127.1,9.8,18.6,0.201,6,2,6
문현빈,HH,LF,3.42,-0.81,2.61,581,121.2,10.2,12.9,0.163,11,2,20
카스트로,HT,LF,2.59,0.0,2.59,409,139.3,4.6,14.4,0.223,1,0,8
김선빈,HT,2B,2.42,0.06,2.48,517,109.3,13.2,9.3,0.062,3,0,11
강백호,HH,DH,2.59,-0.12,2.47,561,122.8,9.3,21.6,0.242,0,2,8
데이비슨,WO,1B,3.12,-0.78,2.34,519,137.1,5.8,24.5,0.236,1,0,10
김형준,NC,C,2.22,0.09,2.31,398,100.2,9.0,31.7,0.186,0,0,11
박동원,LG,C,2.29,0.02,2.31,408,101.9,13.0,22.5,0.161,1,3,13
조수행,OB,LF,1.63,0.51,2.14,218,133.3,10.1,13.3,0.071,19,5,4
최형우,SS,DH,2.29,-0.16,2.14,561,125.6,12.1,18.7,0.165,2,0,19
한동희,LT,3B,2.56,-0.49,2.07,439,122.4,7.7,18.0,0.226,1,0,19
박건우,NC,RF,2.32,-0.28,2.04,497,125.1,10.7,15.9,0.188,9,5,10
정수빈,OB,CF,1.29,0.72,2.01,529,88.6,9.8,14.7,0.095,19,6,5
박승규,SS,CF,2.02,-0.02,1.99,369,125.5,15.2,15.2,0.193,7,2,9
에레디아,SK,LF,1.26,0.71,1.97,485,106.0,5.4,16.1,0.188,2,5,11
이재현,SS,SS,1.84,0.13,1.97,292,105.6,11.0,14.4,0.242,1,0,2
박재현,HT,LF,1.94,0.01,1.94,536,106.9,5.2,19.2,0.171,21,3,4
김태연,HH,1B,1.28,0.64,1.92,444,104.3,8.8,18.2,0.161,3,1,9
김호령,HT,CF,1.07,0.84,1.91,564,86.0,5.9,27.1,0.137,17,6,10
김건희,WO,C,1.99,-0.13,1.86,407,96.8,7.6,25.3,0.125,0,0,8
고승민,LT,2B,2.41,-0.55,1.86,472,103.2,7.6,19.3,0.185,0,1,0
안재석,OB,SS,1.88,-0.03,1.85,443,103.9,5.9,15.6,0.161,5,1,6
김성윤,SS,RF,2.24,-0.39,1.85,478,111.0,10.7,9.6,0.103,18,5,9
허경민,KT,3B,2.21,-0.39,1.82,384,116.4,7.8,8.6,0.088,1,2,8
오지환,LG,SS,2.09,-0.33,1.76,452,93.9,9.3,20.6,0.153,4,3,6
김현수,KT,DH,1.01,0.74,1.75,613,103.5,9.1,11.3,0.129,0,2,16
김상수,KT,SS,1.8,-0.06,1.74,485,93.4,11.3,12.4,0.045,1,4,11
강민호,SS,C,1.97,-0.26,1.71,338,110.9,10.1,21.9,0.182,0,2,7
조형우,SK,C,1.7,0.02,1.71,367,92.3,7.1,17.2,0.138,0,0,5
손성빈,LT,C,1.85,-0.25,1.6,364,91.4,7.4,17.0,0.137,0,0,5
심우준,HH,SS,1.68,-0.09,1.59,444,77.8,8.3,16.4,0.081,23,2,2
홍창기,LG,RF,1.0,0.56,1.56,511,99.8,15.1,21.1,0.047,3,2,12
히우라,WO,1B,1.44,0.05,1.49,309,122.6,9.4,29.4,0.18,2,1,4
문정빈,LG,1B,1.56,-0.09,1.47,313,122.1,9.3,31.0,0.249,0,1,3
류현인,KT,SS,1.47,-0.05,1.42,229,116.5,7.4,17.0,0.094,3,1,2
세베리노,OB,1B,1.29,0.09,1.39,167,144.7,12.6,23.4,0.213,0,0,2
전병우,SS,3B,1.58,-0.21,1.37,398,102.1,10.6,25.4,0.172,3,2,8
김태군,HT,C,1.16,0.19,1.34,240,97.2,6.2,10.4,0.136,0,0,8
문보경,LG,3B,1.38,-0.04,1.34,411,109.9,14.6,19.5,0.128,0,0,8
카메론,OB,RF,1.77,-0.47,1.3,314,128.1,9.6,16.9,0.186,9,0,9
최지훈,SK,CF,1.07,0.2,1.26,566,83.0,8.0,15.9,0.152,20,3,9
권동진,KT,2B,1.48,-0.27,1.21,253,97.8,9.9,29.6,0.132,3,1,2
박정현,HH,SS,0.83,0.35,1.19,148,102.6,8.1,27.7,0.282,1,0,3
장성우,KT,C,1.06,0.03,1.09,268,109.2,18.3,24.6,0.222,1,0,10
천재환,NC,CF,1.36,-0.28,1.08,323,111.3,6.5,17.6,0.142,7,6,1
박정우,HT,CF,0.81,0.12,0.94,142,116.4,12.7,16.9,0.052,3,1,1
강승호,OB,2B,1.04,-0.11,0.93,273,106.5,7.3,24.5,0.153,6,0,7
구본혁,LG,3B,0.88,0.04,0.92,375,87.4,8.3,12.8,0.04,6,0,9
이재원,LG,RF,0.74,0.1,0.85,132,119.1,6.8,34.8,0.265,0,1,1
김웅빈,WO,1B,1.12,-0.28,0.84,319,112.1,10.3,24.1,0.141,1,0,3
박주홍,WO,LF,0.33,0.42,0.75,186,88.3,12.9,28.5,0.096,3,0,3
나승엽,LT,1B,1.19,-0.45,0.74,414,106.7,12.1,14.7,0.128,1,0,8
안중열,NC,C,0.87,-0.13,0.74,173,104.6,11.0,22.5,0.117,1,0,7
최인호,HH,LF,0.96,-0.28,0.69,208,110.4,9.1,13.5,0.099,0,0,6
임병욱,WO,CF,0.71,-0.03,0.68,289,92.7,5.2,32.2,0.178,4,0,3
한승택,KT,C,0.3,0.31,0.62,358,57.1,8.1,22.6,0.065,0,1,6
황성빈,LT,LF,1.44,-0.85,0.59,491,80.9,6.3,13.8,0.076,54,11,2
한태양,LT,2B,0.53,0.05,0.58,207,76.8,12.1,23.2,0.073,9,0,4
장두성,LT,RF,0.16,0.42,0.57,248,64.8,5.2,19.0,0.045,17,2,0
안치홍,WO,1B,0.76,-0.19,0.56,454,97.2,10.8,14.3,0.104,0,0,14
김도환,SS,C,0.35,0.2,0.55,125,80.8,9.6,24.8,0.124,0,0,2
류승민,OB,LF,-0.04,0.56,0.52,106,69.8,9.4,18.9,0.055,3,0,1
전의산,SK,1B,0.28,0.23,0.51,318,93.8,9.1,33.6,0.179,1,0,4
김한별,NC,SS,0.3,0.2,0.5,152,70.7,9.9,21.1,0.056,3,0,5
이지영,SK,C,0.36,0.14,0.5,139,70.0,6.5,11.5,0.063,3,0,6
문성주,LG,LF,0.34,0.16,0.5,243,95.5,8.6,11.9,0.056,2,2,4
이주형,WO,CF,0.48,-0.02,0.46,103,95.2,4.9,20.4,0.181,4,0,0
이우성,NC,LF,0.22,0.22,0.44,435,89.3,5.5,14.9,0.094,4,3,13
박민,HT,SS,-0.38,0.77,0.39,202,43.2,7.4,16.3,0.084,5,1,6
추재현,WO,RF,0.93,-0.55,0.38,317,108.5,8.5,18.9,0.094,0,0,14
이진영,HH,CF,0.22,0.15,0.36,102,82.4,10.8,30.4,0.092,2,0,1
김재환,SK,LF,0.61,-0.28,0.33,523,98.3,14.1,29.1,0.187,2,2,6
박찬혁,WO,LF,0.6,-0.3,0.3,352,92.3,9.7,25.3,0.136,0,0,10
오재원,HH,CF,0.25,0.04,0.3,167,79.3,10.2,13.8,0.055,6,1,3
김동헌,WO,C,0.11,0.17,0.28,113,62.0,7.1,20.4,0.129,0,0,1
아데를린,HT,1B,0.38,-0.12,0.26,130,117.5,5.4,19.2,0.29,0,0,4
박상준,HT,1B,0.49,-0.26,0.24,142,114.5,14.1,29.6,0.133,0,0,0
김성욱,SK,CF,0.45,-0.33,0.12,142,108.1,12.7,19.0,0.134,3,0,1
데일,HT,SS,0.31,-0.21,0.1,135,74.9,9.6,10.4,0.06,1,0,4
이형종,WO,RF,0.09,0.0,0.09,189,80.3,11.1,29.1,0.128,2,0,4
오명진,OB,SS,0.26,-0.18,0.09,162,97.3,10.5,21.0,0.155,0,3,3
최정원,NC,2B,0.29,-0.21,0.08,254,69.4,6.3,18.9,0.023,25,8,2
오태곤,SK,LF,-0.05,0.13,0.08,266,84.2,7.1,27.1,0.152,8,3,8
배정대,KT,CF,-0.22,0.3,0.08,123,48.5,4.9,28.5,0.099,3,1,2
권희동,NC,LF,0.64,-0.57,0.07,294,92.0,14.6,15.6,0.099,1,1,4
윤동희,LT,CF,-0.13,0.16,0.03,299,72.3,10.4,27.1,0.106,0,1,4
천성호,LG,2B,0.52,-0.5,0.03,251,97.3,5.6,15.9,0.104,5,1,7
채은성,HH,1B,0.47,-0.45,0.02,192,106.1,7.8,17.7,0.141,1,0,9
한석현,NC,LF,-0.02,0.04,0.02,141,70.0,5.0,19.9,0.071,2,1,2
양우현,SS,2B,-0.21,0.21,0.0,117,34.7,10.3,24.8,0.072,2,1,0
박지훈,OB,2B,0.74,-0.74,0.0,288,96.5,9.0,16.3,0.082,5,2,4
김민혁,KT,LF,0.15,-0.18,-0.03,411,81.2,6.8,16.5,0.049,1,1,8
안상현,SK,2B,-0.03,-0.01,-0.04,241,70.7,9.5,27.0,0.082,7,5,6
한지윤,HH,LF,0.22,-0.26,-0.04,119,83.2,6.7,31.1,0.192,1,0,4
윤준호,OB,C,-0.19,0.15,-0.05,195,43.2,5.6,24.1,0.099,1,0,6
김규성,HT,2B,-0.05,0.0,-0.06,214,57.3,8.9,20.6,0.064,4,1,2
블레인,NC,1B,0.41,-0.47,-0.07,257,101.7,8.9,24.1,0.179,0,1,7
오윤석,KT,2B,-0.03,-0.04,-0.07,211,88.1,7.6,21.8,0.079,0,2,8
고명준,SK,1B,0.49,-0.61,-0.11,219,108.0,7.3,19.6,0.224,1,0,6
여동욱,WO,2B,0.05,-0.17,-0.12,183,78.9,12.6,34.4,0.14,0,0,3
이주헌,LG,C,-0.07,-0.08,-0.15,151,44.6,2.0,34.4,0.126,0,0,2
신민재,LG,2B,0.44,-0.61,-0.17,450,69.0,10.0,13.1,0.023,12,2,8
장준원,KT,3B,0.39,-0.59,-0.21,161,82.7,11.2,24.2,0.193,0,0,6
이도윤,HH,SS,0.28,-0.51,-0.23,395,65.4,5.3,14.7,0.078,3,1,4
유강남,LT,C,-0.3,0.02,-0.28,127,41.5,3.1,24.4,0.116,0,0,1
김헌곤,SS,RF,-0.2,-0.14,-0.33,110,67.7,6.4,14.5,0.078,1,2,2
서호철,NC,3B,-0.43,0.1,-0.33,159,56.2,10.7,22.0,0.073,2,0,4
신재인,NC,3B,-0.31,-0.03,-0.34,140,61.0,12.9,20.7,0.114,1,2,3
최주환,WO,1B,-0.15,-0.26,-0.41,296,83.9,12.5,13.9,0.083,0,0,8
손호영,LT,CF,-0.41,-0.01,-0.42,183,57.1,7.1,21.3,0.133,2,2,3
김대한,OB,CF,-0.21,-0.22,-0.43,139,54.1,6.5,22.3,0.089,1,0,1
황영묵,HH,SS,-0.05,-0.41,-0.46,155,63.4,12.9,14.8,0.086,2,2,3
한유섬,SK,RF,-0.69,0.23,-0.46,198,63.5,13.6,23.2,0.055,1,0,9
이유찬,OB,2B,-0.38,-0.16,-0.53,134,34.5,6.0,29.1,0.059,4,2,0
이원석,HH,CF,0.1,-0.64,-0.54,216,78.7,6.9,18.5,0.073,7,5,2
박승욱,LT,SS,-0.3,-0.34,-0.65,152,50.7,6.6,28.9,0.072,1,0,4
하주석,HT,SS,0.26,-0.93,-0.67,238,68.7,5.0,25.2,0.097,0,1,2
최재훈,HH,C,-0.34,-0.33,-0.67,119,33.5,9.2,16.8,0.0,0,0,3
박시원,NC,LF,-0.24,-0.47,-0.71,135,57.3,7.4,23.0,0.117,2,2,1
양석환,OB,1B,-0.62,-0.14,-0.75,173,57.4,6.9,29.5,0.163,0,0,3
브룩스,WO,LF,-0.72,-0.13,-0.84,161,47.6,8.7,14.9,0.042,1,0,1
김영웅,SS,3B,-1.22,0.35,-0.87,193,17.2,6.2,28.5,0.106,0,0,4
노진혁,LT,SS,-0.57,-0.34,-0.91,226,61.1,9.3,21.7,0.132,0,0,4
권혁빈,WO,2B,-0.47,-0.45,-0.92,322,42.1,5.0,24.2,0.038,0,0,4
손아섭,OB,DH,-0.71,-0.23,-0.93,174,55.6,9.2,19.5,0.045,0,0,2
이강민,KT,SS,-1.01,-0.26,-1.26,163,2.4,4.9,25.8,0.007,0,0,4
전준우,LT,DH,-1.46,-0.06,-1.51,249,39.6,5.6,14.5,0.073,0,1,6
