name,team,war,era,fip,ip,g,gf,sv,hd,k9,bb9,kbb
김재윤,SS,2.73,3.13,3.51,63.1,63,50,35,0,9.1,3.4,15.7
박영현,KT,2.54,2.37,4.02,60.2,55,44,29,0,9.4,3.9,14.3
김정우,OB,2.32,2.31,4.6,58.1,60,7,2,10,7.4,4.6,7.4
이승민,SS,2.23,2.7,4.11,66.2,73,7,2,23,8.0,4.4,9.6
이영하,OB,2.16,3.22,3.18,67.0,60,49,26,0,11.8,4.7,18.2
조병현,SK,1.97,2.38,3.81,53.0,55,42,23,0,11.5,4.8,17.8
박정민,LT,1.87,3.83,4.62,56.1,60,7,1,13,10.3,6.1,10.9
손주영,LG,1.82,2.94,4.16,49.0,46,38,31,0,9.2,5.5,9.1
전상현,HT,1.71,2.61,3.74,41.1,43,7,2,15,7.9,1.3,18.6
김택연,OB,1.71,2.57,4.17,56.0,54,15,4,13,11.6,4.8,17.6
타카다,OB,1.44,3.25,4.27,52.2,38,1,0,8,7.9,4.0,10.4
문승원,SK,1.44,3.5,5.76,61.2,61,9,2,16,4.9,4.7,0.4
장찬희,SS,1.41,4.14,5.58,76.0,40,6,0,3,6.8,3.4,8.4
손동현,KT,1.31,3.57,4.86,63.0,68,11,0,14,7.7,3.9,10.3
조상우,HT,1.27,3.21,4.44,61.2,70,15,1,20,6.2,3.7,6.3
박시원,LG,1.27,3.79,3.93,59.1,29,12,0,0,7.6,3.4,10.5
이태양,HT,1.12,2.62,3.85,34.1,32,8,0,6,6.3,2.1,11.4
김민,SK,1.08,3.36,3.21,64.1,71,6,1,21,9.8,4.5,13.8
이용찬,OB,1.07,3.89,5.39,44.0,48,7,1,7,8.4,1.8,17.2
장현식,LG,1.04,4.02,4.44,53.2,32,5,2,7,6.6,2.9,9.6
최준용,LT,1.02,3.97,4.04,56.2,58,25,15,9,9.4,4.2,13.1
전용주,KT,1.0,4.37,4.46,45.1,63,5,0,10,9.0,7.0,4.9
우규민,KT,0.99,3.35,4.87,40.1,51,17,0,5,4.3,1.6,7.0
유영찬,LG,0.98,0.75,3.17,12.0,13,12,11,0,9.0,4.5,13.3
이건욱,SK,0.98,3.13,4.5,46.0,47,7,0,3,7.4,3.9,9.6
케네디,LG,0.95,3.32,3.16,21.2,20,3,0,9,9.3,3.4,16.3
배찬승,SS,0.93,2.34,6.1,42.1,55,10,1,10,8.1,7.5,1.5
장유호,HH,0.91,3.45,5.32,44.1,43,4,0,4,6.3,4.1,5.9
임기영,SS,0.86,4.8,4.62,54.1,41,22,0,1,6.3,1.8,11.5
최지광,SS,0.84,2.45,2.99,22.0,25,4,1,8,8.6,2.9,14.6
주권,KT,0.8,4.25,5.21,53.0,50,23,0,2,4.1,3.2,2.2
김영우,LG,0.77,4.17,4.02,45.1,51,5,0,5,7.4,3.6,9.4
김진수,LG,0.75,3.86,5.14,60.2,59,9,1,12,5.7,3.4,5.6
김태훈,SS,0.74,2.54,4.63,39.0,46,3,0,8,6.2,2.3,10.6
박준영,HH,0.73,6.06,5.94,71.1,37,9,0,0,8.0,5.2,7.0
곽도규,HT,0.72,2.93,3.77,30.2,42,4,2,11,10.4,4.2,15.4
이준혁,NC,0.72,2.86,4.45,34.2,33,7,0,1,8.9,5.8,7.9
박상원,HH,0.69,4.8,3.77,50.2,56,13,2,11,9.3,3.2,15.1
한재승,HT,0.64,4.5,5.56,42.0,45,11,0,1,5.6,4.7,2.2
황준서,HH,0.63,5.37,5.41,60.1,29,6,0,0,9.3,6.1,7.4
신영우,NC,0.59,2.86,5.41,34.2,42,5,1,7,14.2,12.4,4.0
성영탁,HT,0.59,3.23,4.16,55.2,58,28,13,7,6.7,2.4,11.0
강재민,HH,0.57,4.5,4.49,26.0,28,6,0,0,9.0,5.2,9.4
김정운,KT,0.55,3.38,4.59,24.0,22,9,2,4,9.4,4.9,11.3
조동욱,HH,0.53,4.31,4.13,56.1,75,5,1,10,9.1,3.5,13.8
이진하,LT,0.51,2.74,4.04,23.0,25,8,0,1,5.5,2.3,8.1
고우석,LG,0.46,2.04,2.25,17.2,14,2,1,4,12.6,2.6,27.5
이우찬,LG,0.44,3.46,4.04,26.0,31,3,0,3,8.0,4.8,8.0
이재희,SS,0.44,2.51,6.03,14.1,19,1,1,3,8.9,8.3,1.4
현도훈,LT,0.42,4.67,4.7,52.0,53,11,0,5,6.4,4.7,4.4
이민석,LT,0.37,6.19,5.24,52.1,21,2,0,1,6.6,5.4,2.9
박진형,WO,0.36,4.1,4.55,37.1,36,9,0,3,6.8,4.1,6.6
김백산,SS,0.35,4.2,7.34,15.0,6,1,0,0,6.0,6.6,-1.5
김영규,NC,0.34,3.92,5.56,20.2,28,2,0,2,8.5,7.6,1.9
쿠싱,HH,0.34,4.79,3.58,20.2,16,15,4,0,11.6,2.7,22.7
최우석,NC,0.31,1.5,4.18,12.0,13,8,0,0,8.2,5.2,7.5
이이무라,LT,0.31,6.0,3.79,33.0,31,11,5,8,7.4,1.6,14.5
이용준,NC,0.31,4.01,4.26,24.2,30,4,2,9,6.0,5.6,0.9
오석주,WO,0.3,5.47,5.0,24.2,14,0,0,0,7.1,7.1,0.0
박정훈,WO,0.27,5.71,5.07,58.1,42,1,0,11,7.1,5.6,3.6
김태경,NC,0.27,5.76,5.72,45.1,21,5,0,0,7.6,5.0,6.3
김진성,LG,0.27,4.94,4.95,47.1,53,3,1,18,6.7,3.4,7.9
이준서,LT,0.24,2.16,4.68,8.1,9,6,0,0,4.4,1.1,9.1
미야지,SS,0.2,5.87,6.7,30.2,36,7,0,3,8.9,6.9,4.9
김유영,LG,0.19,1.8,2.63,5.0,5,0,0,0,14.4,7.2,19.0
이상규,HH,0.19,5.28,4.74,58.0,53,2,0,9,6.8,3.7,7.5
김강률,LG,0.19,2.45,4.74,7.1,9,1,0,4,8.9,7.6,2.9
김기준,LT,0.18,1.17,2.2,7.2,8,6,0,0,8.8,1.2,18.8
박지성,WO,0.18,4.4,6.35,47.0,42,7,0,2,5.9,4.6,3.3
김원중,LT,0.18,4.98,4.5,56.0,65,19,5,20,7.1,3.7,8.3
이영재,LT,0.18,5.25,2.6,12.0,19,1,0,0,12.0,4.5,17.9
최주형,OB,0.17,0.0,4.41,7.0,8,2,0,0,10.3,9.0,3.2
권민규,HH,0.16,4.43,4.85,20.1,17,5,0,0,7.2,4.5,6.4
함덕주,LG,0.15,6.19,5.6,32.0,37,3,1,6,5.6,3.7,4.9
김태훈,NC,0.14,4.5,4.53,16.0,17,3,1,0,7.3,2.2,13.2
구승민,LT,0.14,5.0,5.58,9.0,9,3,0,0,7.0,5.0,4.8
리오스,LG,0.13,3.63,4.28,17.1,14,3,2,5,8.9,3.7,13.5
윤태호,OB,0.13,3.8,3.9,23.2,26,9,1,1,8.9,5.0,9.3
사토시,SS,0.12,5.87,7.74,15.1,16,3,1,2,5.4,3.0,6.1
김성민,WO,0.11,3.6,4.45,10.0,12,1,0,1,9.0,3.6,12.2
장재혁,HT,0.1,4.5,4.65,6.0,4,2,0,0,7.5,7.5,0.0
한두솔,SK,0.09,5.8,4.35,35.2,35,20,0,0,6.6,2.6,9.8
서진용,SK,0.09,4.76,5.47,17.0,16,6,0,0,7.9,4.2,9.2
최준호,OB,0.08,4.3,5.23,23.0,16,2,0,0,9.8,4.7,12.5
김영현,OB,0.07,3.0,4.0,6.0,6,1,0,0,6.0,4.5,4.0
이정현,KT,0.06,6.0,4.85,6.0,7,6,0,0,12.0,4.5,16.7
김서준,WO,0.06,6.23,6.8,17.1,16,1,0,2,9.5,6.8,6.4
이승헌,LT,0.06,6.0,4.54,6.0,7,4,0,0,6.0,6.0,0.0
이승현,SS,0.05,6.02,4.91,43.1,60,9,1,11,8.4,5.0,7.5
김강현,LT,0.05,4.5,5.22,22.0,24,11,0,3,4.1,4.9,-1.9
최요한,NC,0.05,3.97,4.33,11.1,14,6,0,1,8.1,4.9,8.3
임진묵,WO,0.04,5.68,5.24,6.1,7,2,0,0,8.9,10.3,-3.2
김한결,LT,0.04,8.1,6.44,10.0,8,1,0,0,8.1,5.4,6.7
이준기,SK,0.04,6.0,5.3,6.0,3,0,0,0,9.0,6.0,6.7
박재규,HH,0.04,8.22,6.94,7.2,9,4,0,0,5.0,11.2,-11.9
이상동,KT,0.03,7.23,6.61,23.2,29,1,0,8,6.2,3.1,7.9
이민우,HH,0.02,4.82,5.12,56.0,58,24,7,7,4.8,3.5,3.1
송명기,NC,0.01,6.75,6.58,38.2,23,2,0,1,8.7,4.2,10.3
노경은,SK,0.01,4.72,6.27,47.2,52,6,0,10,6.9,3.6,8.1
백정현,SS,0.0,6.56,6.79,23.1,28,3,0,3,6.2,3.9,6.1
하준영,NC,-0.01,9.9,6.26,10.0,10,4,0,0,9.9,8.1,4.2
윤산흠,HH,-0.01,5.73,5.91,22.0,22,1,0,2,6.5,5.3,3.0
임지민,NC,-0.01,5.4,5.06,46.2,49,12,6,9,11.1,6.0,12.5
김동주,OB,-0.01,5.93,6.87,13.2,13,4,0,0,9.5,5.5,10.2
목지훈,NC,-0.02,8.64,10.01,8.1,5,2,0,0,6.7,8.9,-4.5
원종혁,HH,-0.02,4.5,5.85,16.0,16,6,0,0,5.6,6.2,-1.2
이의리,HT,-0.05,6.79,6.07,62.1,38,13,6,2,10.3,8.4,4.3
원종해,NC,-0.06,6.14,6.41,29.1,17,5,0,1,4.6,4.6,0.0
장지훈,SK,-0.06,8.31,6.12,17.1,12,3,0,0,4.7,3.2,3.8
정현수,LT,-0.08,4.76,6.22,5.2,13,1,0,0,8.7,6.9,3.3
한차현,KT,-0.08,8.31,7.07,8.2,3,1,0,0,9.9,4.4,10.9
김건국,HT,-0.09,7.94,6.35,5.2,6,6,0,0,10.4,8.7,3.4
문용익,KT,-0.09,8.27,5.58,16.1,13,5,0,0,8.4,7.3,2.5
이승현,SS,-0.09,6.54,4.82,42.2,19,7,0,0,8.5,3.8,11.2
쿄야마,LT,-0.1,7.59,4.84,10.2,10,3,0,1,11.5,7.9,7.4
최성영,NC,-0.1,5.4,6.64,8.1,7,0,0,0,7.8,1.1,14.6
김범수,HT,-0.11,5.77,5.27,39.0,59,8,1,13,7.8,6.7,2.6
한승혁,KT,-0.11,6.68,4.86,32.1,35,3,0,10,10.4,6.2,9.6
백승건,SK,-0.11,9.49,7.81,12.1,8,1,0,0,6.7,10.4,-7.6
박치국,OB,-0.12,4.88,3.8,48.0,55,6,0,8,8.4,2.6,13.5
김윤식,LG,-0.12,6.11,6.32,35.1,31,4,0,5,5.1,6.9,-4.2
정철원,LT,-0.12,6.75,5.18,28.0,34,6,0,3,6.8,4.5,5.5
임정호,NC,-0.12,7.62,4.21,13.0,21,2,0,1,9.0,4.8,9.4
이강준,WO,-0.13,5.91,6.44,10.2,11,2,0,2,8.8,7.9,1.9
박준우,LT,-0.13,5.06,5.6,16.0,13,8,0,0,5.6,3.4,5.3
양재훈,OB,-0.15,5.92,4.72,24.1,26,5,0,2,11.6,5.2,14.7
전사민,NC,-0.18,5.08,5.29,62.0,68,30,10,6,6.5,5.4,2.8
김태균,LT,-0.19,10.97,3.57,10.2,6,1,0,0,10.6,3.5,13.8
박신지,OB,-0.19,6.37,5.6,35.1,21,4,0,0,7.7,4.1,8.6
정해영,HT,-0.2,6.29,4.91,48.2,54,8,2,11,7.5,3.0,11.0
박정수,OB,-0.2,5.14,6.53,7.0,7,6,0,0,3.9,6.4,-6.5
김윤하,WO,-0.2,6.83,7.7,27.2,12,3,0,0,6.9,6.0,2.2
정다훈,WO,-0.2,6.11,7.37,28.0,29,17,0,0,4.8,6.4,-3.6
김종수,HH,-0.21,6.69,7.01,36.1,43,8,0,4,7.2,6.7,1.1
성동현,LG,-0.21,11.12,8.89,5.2,5,4,0,0,8.7,6.9,3.0
김도현,SK,-0.22,12.27,9.32,7.1,7,2,0,0,7.6,15.2,-14.3
이상영,LG,-0.22,8.49,7.58,11.2,8,3,0,0,4.0,7.2,-6.3
최현우,WO,-0.22,11.05,9.76,7.1,7,6,0,0,5.1,6.3,-2.7
박시후,SK,-0.23,6.17,6.11,46.2,44,7,0,1,7.4,4.5,7.0
최이준,LT,-0.24,8.31,6.88,13.0,15,0,0,0,6.2,7.6,-3.3
김준원,NC,-0.24,6.14,5.9,14.2,12,7,0,0,11.4,7.6,8.0
강건우,HH,-0.25,8.74,7.0,22.2,16,4,0,0,7.7,6.5,2.4
조원태,LG,-0.26,10.8,6.59,6.2,6,4,0,0,10.2,7.3,4.9
이형범,HH,-0.27,4.3,5.71,29.1,26,10,0,0,5.9,4.6,2.9
김선기,WO,-0.27,6.12,6.49,25.0,24,4,0,2,5.0,5.0,0.0
주현상,HH,-0.29,5.87,6.21,23.0,22,4,0,1,5.5,1.6,9.9
타무라,OB,-0.31,7.31,5.31,16.0,17,5,0,2,7.9,2.8,11.1
홍민규,HT,-0.32,7.59,4.58,21.1,17,7,0,0,7.7,4.3,7.8
조영건,WO,-0.33,4.5,5.27,42.0,47,19,3,6,6.6,2.4,11.0
김민수,KT,-0.33,5.7,4.71,42.2,39,7,1,3,7.7,3.6,9.8
유토,WO,-0.33,5.19,3.89,50.1,59,25,14,12,9.7,3.2,15.9
배재환,NC,-0.34,4.84,4.31,48.1,59,3,1,17,8.6,3.7,12.1
최지강,OB,-0.34,9.45,4.03,13.1,16,6,0,0,8.9,4.8,8.6
이기순,SK,-0.36,8.38,7.3,9.2,9,5,0,0,7.8,12.7,-8.6
이준우,WO,-0.37,10.13,5.48,8.0,8,2,0,0,7.9,9.0,-2.4
이정용,LG,-0.4,7.31,5.46,56.2,30,8,0,1,4.2,4.2,0.0
스기모토,KT,-0.43,5.9,4.42,71.2,73,3,0,25,8.7,3.4,12.7
김진호,NC,-0.43,6.15,7.11,45.1,58,4,1,18,7.8,10.2,-5.3
백승현,LG,-0.44,15.43,7.36,7.0,9,1,0,0,10.3,7.7,5.3
짐머맨,HH,-0.44,10.23,5.62,31.2,14,2,0,1,8.4,3.2,11.5
전영준,SK,-0.45,5.66,5.9,55.2,62,9,2,5,10.6,5.1,13.5
홍민기,LT,-0.47,4.76,6.19,5.2,13,1,0,2,13.8,10.4,5.7
정세영,WO,-0.48,10.43,7.35,14.2,6,3,0,0,2.5,3.8,-2.6
우강훈,LG,-0.49,4.99,4.46,52.1,67,3,0,20,8.3,4.0,10.5
윤석원,WO,-0.51,8.53,4.25,19.0,22,6,0,0,8.5,1.9,16.3
최용준,SK,-0.51,8.4,8.73,15.0,15,7,0,0,5.4,7.2,-3.8
김연주,WO,-0.54,15.88,5.69,5.2,3,1,0,0,6.9,8.7,-2.6
김성진,WO,-0.55,6.25,4.85,40.1,34,3,0,8,6.1,3.1,7.0
이로운,SK,-0.57,6.0,4.52,63.0,49,2,0,7,8.4,4.3,10.3
류진욱,NC,-0.6,8.72,6.29,32.0,40,18,4,1,7.6,4.5,6.9
김재웅,WO,-0.62,9.3,6.97,20.1,19,9,5,2,3.1,4.0,-2.1
김서현,HH,-0.62,6.92,7.18,26.0,30,14,2,0,9.7,10.0,-0.7
최지민,HT,-0.64,7.36,6.1,36.2,44,4,0,2,7.5,3.5,8.8
원종현,WO,-0.64,6.19,4.06,48.0,53,17,7,8,6.6,3.0,8.7
배재준,LG,-0.77,10.54,6.46,27.1,29,9,0,2,8.0,7.0,2.2
정현우,WO,-0.9,9.9,7.72,20.0,15,0,0,0,4.5,4.5,0.0
손주환,NC,-0.97,6.34,4.74,38.1,46,6,1,4,9.9,5.7,9.6
정우주,HH,-1.21,8.02,6.01,46.0,45,8,0,5,10.6,7.0,7.5
이병헌,OB,-1.28,5.52,4.99,44.0,57,4,0,8,7.6,4.1,7.9
