team,pa,iso,hr,sb,sh,small_rate,bat_owar,bat_dwar,bat_war,starter_war,reliever_war,pit_war
HH,5326,0.159,166,72,59,2.46,23.6,-2.4,21.3,11.6,-1.0,10.6
HT,5282,0.161,159,77,58,2.56,24.2,1.4,25.5,16.4,4.4,20.8
KT,5363,0.124,105,58,66,2.31,23.0,-0.0,23.0,20.9,5.2,26.0
LG,5212,0.137,123,82,70,2.92,23.9,0.2,24.1,10.1,5.2,15.3
LT,5144,0.128,104,96,35,2.55,13.5,-1.6,11.9,16.0,3.3,19.3
NC,4956,0.13,118,146,50,3.95,18.1,-0.0,18.0,13.1,1.0,14.2
OB,5216,0.126,106,106,61,3.2,18.1,0.4,18.5,17.7,5.4,23.1
SK,5228,0.142,136,89,42,2.51,15.2,1.0,16.2,8.8,2.7,11.5
SS,5367,0.14,126,95,56,2.81,24.7,0.4,25.1,15.8,10.4,26.1
WO,5484,0.115,110,20,61,1.48,9.4,-2.7,6.7,8.5,-5.0,3.5
